Link,Summary,MO,Geographical Location,Amount (in Rupees),App,Secondary App,Scammed? Yes or No,Age,Gender,Source
https://www.reddit.com/r/kolkata/comments/1k5y2z8/comprehensive_guide_to_avoid_dating_scam/,"A student from Kolkata matched with a girl on a dating site who quickly suggested meeting in person. When he declined and offered to meet at a public place (Acropolis Mall), she refused. On another occasion, he agreed to meet a different girl at a caf√© in Dhakuria. There, she deliberately ordered expensive items ‚Äî including Red Bull (‚Çπ300 each), hookah (‚Çπ4,000), cigarettes, and pizza ‚Äî some not listed on the menu. She even spilled drinks to inflate the bill. The total reached ‚Çπ10,139, which he was pressured to pay. After the incident, he realized it was a pre-planned scam between the woman and the caf√©",Restaurant/Bar Scam,Kolkata,"10,139",Dating app (unspecified),,Yes,Early 20s,Male,Reddit
https://www.reddit.com/r/pune/comments/1j2kpn5/swipe_right_get_robbed_punes_costly_dating_scam/,"A person on a dating app matched with a profile and was invited to meet at a bar/lounge in Pune (locations mentioned: Stellar Spaces, Kharadi and Metro Bar, Koregaon Park). The girl arranged for drinks/orders, the bill escalated hugely through orders and presumably collusion between the bar and the girl. The victim says it‚Äôs a ‚Äúwell-organised trap designed to exploit innocent people‚Äù",Restaurant/Bar Scam,Pune,not specified,Dating app (unspecified),,Yes,not specified,Male,Reddit
https://www.reddit.com/r/mumbai/comments/1c81bul/be_aware_of_delhis_dating_app_scams_rising_in/,"A man matched with a woman on a dating app. Within minutes, she expressed interest and insisted on meeting the same evening at Malad Mall (Mumbai). Despite the quick progression, she refused to share her Instagram handle or phone number, displaying urgency and secrecy ‚Äî classic early indicators of a romance or bar scam setup. Recognizing the red flags, the man declined and blocked her, thereby preventing a likely financial or emotional scam.",Restaurant/Bar Scam,Mumbai,0,Dating app (unspecified),,No,20s-30s,Male,Reddit
https://www.reddit.com/r/delhi/comments/15i2gk9/got_scammed_for_45k_on_tinder/,"A man matched with a woman on Tinder and agreed to meet at a mall in Raj Nagar, Ghaziabad. She insisted on a specific location, allegedly due to her ‚Äúmakeup class schedule.‚Äù Upon arrival, she redirected him to a nearby low-grade mall with a pub called Dark Wine (Dubai Mall). Inside, she acted cold and uninterested but continuously ordered drinks and ‚Äúanar firecrackers‚Äù (‚Çπ2,000 each, 15 total = ‚Çπ30,000) despite his refusal. When the bill arrived, it was a shocking ‚Çπ45,000, far above expectations. The staff refused to intervene, and the girl disappeared after playing the victim card. Under pressure and fear of escalation or police involvement, he negotiated the bill down to ‚Çπ25,000 and left. Later, friends confirmed it was likely a coordinated scam between the woman and the pub staff.",Restaurant/Bar Scam,Ghaziabad,"25,000",Tinder,,Yes,20s-30s,Male,Reddit
https://www.reddit.com/r/mumbai/comments/1e6hctd/mumbai_dating_scam_alert/,"The victim met a girl online who claimed to be visiting Mumbai for a family wedding. She suggested going to a bar called ‚ÄúRed Room,‚Äù where she ordered multiple expensive items. When the bill came (‚Çπ43k), she disappeared using excuses. Later, additional items were added, creating another huge bill (‚Çπ24k). When the victim couldn‚Äôt pay, the bar staff assaulted and threatened him until he paid, revealing a coordinated bar-scam involving the girl and the staff.",Restaurant/Bar Scam,Mumbai,"67,000",Tinder,,Yes,not specified,Male,Reddit
https://www.reddit.com/r/IsThisAScamIndia/comments/1mx5jdy/whatsapp_romance_scam_in_india_need_advice/,A user posts that their friend has been ‚Äúdating‚Äù a person (claiming to be a foreign celebrity) over WhatsApp for 4 years. The person claims a long-distance romantic relationship and is asking for money (or may ask later). The poster is seeking advice.,Celebrity scam,not specified,"100,000",Whatsapp,,Potential,20s-30s,Female,Reddit
https://www.reddit.com/r/pune/comments/1cgzlma/dating_scam_is_alive/,"A man matched with a woman named ‚ÄúKavya‚Äù (on Bumble) who claimed to be a student from Koregaon Park (KP), Pune. She was inconsistent in chatting but later messaged suddenly, claiming she had a ‚Äúbad day‚Äù and wanted to go out for drinks. When he suggested meeting at a caf√©, she avoided direct answers and instead insisted on meeting at Kapila Matrix, later revealing the venue as Metro Bar & Lounge ‚Äî an unfamiliar and nearly deserted spot. Her insistence, evasiveness, and the shady location triggered suspicion. Upon arrival, the man noticed inconsistencies (empty bar, large bouncers, dead atmosphere) and decided not to enter. He realized this was a likely setup for a bar scam and left, escaping before financial loss.",Restaurant/Bar Scam,Pune,0,Bumble,,No,20s-30s,Male,Reddit
https://www.reddit.com/r/india/comments/15shvmp/some_common_scams_happening_in_india_and_how_to/,"The victim received a video call from an unknown number. Sensing something suspicious, he answered but covered his camera with his thumb. Upon connection, a woman appeared undressing on camera and repeatedly requested the victim to turn on his camera. He refused, maintaining caution, after which the scammer abruptly hung up. This was a sextortion scam attempt, where fraudsters aim to capture compromising footage and later use it for blackmail. The quick response prevented both emotional and financial damage.",Sextortion,not specified,0,Whatsapp,,No,not specified,Male,Reddit
https://www.reddit.com/r/LegalAdviceIndia/comments/1o95625/help_i_got_blackmail_and_threatening/,"A male BTech 3rd-year student fell victim to a sextortion scam. After matching with a woman on a dating app, she moved the conversation to other social media platforms (Telegram, Instagram, Snapchat). During a video call, she performed a sexual act and coerced him to reciprocate while recording him. She then threatened to share the video with his family and friends unless he paid ‚Çπ8,000. Terrified, he transferred ‚Çπ2,600 before she continued to demand more. The incident left him emotionally shattered, anxious, and fearful of reputational damage.",Sextortion,not specified,"2,600",Dating app (unspecified),"Instagram,Telegram,Snapchat",Yes,Early 20s,Male,Reddit
https://www.reddit.com/r/LegalAdviceIndia/comments/1lfvv0t/got_scammed_cheated/,"The victim, a gay man from Hyderabad, met a man on Grindr in Tirupati in November and developed an intimate relationship. Over the next few months, the man gained his trust and borrowed ‚Çπ3 lakh in cash, citing lost cards and UPI issues. He later promised to start a live-in relationship in Bangalore, but when the victim flew there, the man disappeared‚Äîphone switched off and address fake. The victim is now left emotionally devastated and financially cheated, fearing police harassment due to stigma against same-sex relationships.",Romance Pretext,Hyderabad,"300,000",Grindr,,Yes,not specified,Male,Reddit
https://www.reddit.com/r/LegalAdviceIndia/comments/173rqgy/scam_on_dating_app/,"The victim describes an ongoing restaurant scam operating across Delhi areas like Kamla Nagar, Rajouri, and Ghaziabad. Victims are lured by women from dating apps into cafes, where they are encouraged to order freely, leading to massive inflated bills ranging from ‚Çπ14,000 to ‚Çπ45,000. When refusing to pay, they face harassment and intimidation. The poster reports having been recently conned and expresses frustration at the lack of enforcement despite alleged police awareness. He later updates that he has filed an official complaint against the girl and the hotel, hoping for police action.",Restaurant/Bar scam,Delhi,"30,000",Tinder,,Yes,20s-30s,Male,Reddit
https://www.reddit.com/r/delhi/comments/1lily17/beware_of_paid_meetup_scams_i_lost_20000_learn/,"The victim was scammed for ‚Çπ20,000 through a ‚Äúpaid meetup‚Äù scheme on the Mingle app. After chatting normally, the woman moved the conversation to WhatsApp and proposed a paid meetup, asking for various payments ‚Äî booking, travel, and ‚Äúsecurity fee.‚Äù The victim, convinced by her sharing a local location and emotionally persuasive messages, kept transferring money. Once the payments were made, she blocked him. The scam combined elements of emotional manipulation, urgency, and false trust to extract money without any real meeting.",Investment,Delhi,"20,000",Mingle,Whatsapp,Yes,not specified,Male,Reddit
https://www.reddit.com/r/delhi/comments/1ky8jhp/hinge_date_scam/,"The victim‚Äôs flatmate was scammed by a woman he met on Hinge, who used fake pictures and posed as a married woman looking for a secret FWB relationship. She insisted on using Telegram for ‚Äúprivacy.‚Äù After a flirty and convincing date where she spoke intelligently about topics like investment banking, she suggested booking a 5-star hotel room and proposed splitting the bill. The victim paid his half and waited in the lobby, but she disappeared, blocking him on all platforms. Later, another user encountered a similar woman using the same tactics, suggesting a repeating scam pattern.",Hotel pretext scam,Delhi,"7,500",Hinge,Telegram,Yes,not specified,Male,Reddit
https://www.reddit.com/r/delhi/comments/1lb5mv8/scammed_on_a_date_in_delhi/,"The victim met a girl on a dating app who invited him to a caf√© (Locus near M Cinema, Kailash, Delhi). During the meeting, she ordered expensive drinks (‚Çπ1200 per Jaeger bomb) despite him stating he only had ‚Çπ3,000. When the bill arrived, it totaled ‚Çπ11,958. She then left, leaving him to deal with a non-cooperative staff who refused to split the bill and even threatened police involvement. The victim‚Äôs friend eventually helped settle the matter, but he still lost ‚Çπ2,500.",Restaurant/Bar scam,Delhi,"2,500",Dating app (unspecified),,Yes,20s-30s,Male,Reddit
https://www.reddit.com/r/delhi/comments/1k1iy0w/tinder_scam_in_delhi_my_friend_just_had_a/,"A man in Delhi was scammed after matching with a woman named Avya on Tinder. She insisted on meeting near Karkarduma Metro Station, choosing Blue Moon Caf√© herself. Despite the victim mentioning he was low on cash, she reassured him that her ‚Äúbrother‚Äù would pay, prompting him to continue ordering food and drinks. When the bill arrived, it was an exorbitant ‚Çπ26,139. Upon refusing to pay, the woman‚Äôs behavior changed, and caf√© bouncers physically threatened and coerced him into settling the amount. His phone was confiscated until he paid ‚Çπ11,700. The incident left him severely traumatized and distrustful of online interactions.",Restaurant/Bar scam,Delhi,"11,700",Tinder,,Yes,20s-30s,Male,Reddit
https://www.reddit.com/r/delhi/comments/1o6qkb6/i_was_scammed_in_delhi/,"A Delhi University student met a girl on Instagram after chatting for a week. She invited him for a date at a restaurant in Connaught Place (CP), Delhi). During lunch, the bill amounted to ‚Çπ12,000, including an unusually high ‚Çπ3,500 service charge. Realizing it was likely a scam, the victim still paid the bill as he felt powerless to react in the moment. The experience left him disillusioned and hesitant about future dating, highlighting the emotional toll of such scams.",Restaurant/Bar scam,Delhi,"12,000",Instagram,,Yes,Early 20s,Male,Reddit
https://www.reddit.com/r/delhi/comments/1kx8m9z/matched_with_a_woman_who_felt_100_real_turned_out/,"A man in his late 30s, married and working in the IT/startup sector, was scammed after meeting a woman on a dating app. The woman appeared authentic‚Äîverified profile, intelligent conversation about finance and tech, and believable personal details. After days of chatting on Telegram, she proposed a physical meetup at a hotel, asking him to bring ‚Çπ5,000‚Äì‚Çπ6,000 in cash to avoid a digital trail. She met him in person, conversed naturally, and gained his trust over nearly an hour. Eventually, she asked for the cash before they entered the hotel, under the pretext of managing the room arrangements. Once she had the money, she disappeared and blocked him on Telegram. The victim realized it was a sophisticated honeytrap/investment pretext scam with emotional and cognitive manipulation.",Hotel pretext scam,Delhi,"6,000",Telegram,,Yes,30s-40s,Male,Reddit
https://www.reddit.com/r/delhi/comments/1m4ib57/i_got_scammed_through_tinder_at_a_shady_lajpat/,"A man was scammed for ‚Çπ21,000 after meeting a woman he matched with on Tinder. The woman invited him to a restaurant in Lajpat Nagar, Delhi, where she ordered expensive drinks, food, and hookah without his consent. When the bill arrived, it totaled ‚Çπ21,000, and the victim‚Äîshocked and fearful of confrontation‚Äîpaid it. Later, he realized it was a coordinated scam between the woman and the restaurant. The victim expressed feelings of shame, anger, and helplessness but also rationalized that his intentions were genuine, urging others to be cautious of such traps.",Restaurant/Bar scam,Delhi,"21,000",Tinder,,Yes,not specified,Male,Reddit
https://www.reddit.com/r/delhi/comments/1kkx48w/another_scam_of_app_boo_tinder_lost_9000_today/,"The victim was scammed for ‚Çπ9000 after meeting a woman through the dating app Boo or Tinder. The woman invited him to meet at a caf√© near Durgabai Deshmukh South Campus Metro Station in Delhi, where the caf√© staff were allegedly part of the setup. Once inside, the victim was coerced into paying an inflated bill. He later warned others not to meet strangers in such caf√©s or clubs and advised public places like malls instead.",Restaurant/Bar scam,Delhi,"9,000",Tinder,,Yes,20s-30s,Male,Reddit
https://www.reddit.com/r/mumbai/comments/1kfzxtu/scammed_by_a_girl_from_dating_app/,"A man met a woman on the dating app Hinge and chatted with her for around 10 days. She appeared genuine and built emotional trust through consistent and friendly communication. Eventually, she asked him to video call, during which she got naked and secretly recorded the call. Soon after, she began to blackmail him with the video, threatening to leak it unless he paid her money. In fear and shame, he transferred ‚Çπ10,000 to her. The experience left him disgusted, self-blaming, and unable to trust people online.",Sextortion,Mumbai,"10,000",Hinge,,Yes,not specified,Male,Reddit
https://www.reddit.com/r/mumbai/comments/1n829oc/tinder_date_scam_in_thane_club_glitte_the_super/,"The user reports a large-scale organized dating scam network operating through Tinder, centered around a club in Manpada, Thane, allegedly owned by Naresh Maske. Scammers use fake profiles, claim to have deleted social media accounts after a breakup, and lure victims to the club under the pretext of a casual date. Once inside, the woman orders multiple expensive drinks, inflating the bill to ‚Çπ40,000‚Äì‚Çπ50,000. The staff, bouncers, and even local police are reportedly complicit, intimidating victims into paying. The user mentions catching one scammer and taking her to the police, but no action was taken ‚Äî instead, the police blamed the victim and deleted his video evidence. However, the user retained other recordings showing the scammer admitting she earned 30% of the cut and a ‚Çπ40,000 monthly salary for participating. The user highlights widespread corruption and urges awareness to prevent others from falling prey to such rackets.",Restaurant/Bar scam,Thane,"40,000",Tinder,,Yes,20s-30s,Male,Reddit
https://www.reddit.com/r/mumbai/comments/1kds41n/bumble_scam_alert_run_by_hookah_parlour_near/,"The user recounts being scammed after matching with a woman named Ambika Singh on Bumble. She claimed to be from Delhi and new to Mumbai, suggesting they meet near Eksar Metro Station. Despite the user proposing other venues, she insisted on meeting there and led him to The Timess Square Lounge and Bar, a nearby hookah parlour. Inside, she ordered expensive items ‚Äî Blue Label whiskey, Grey Goose, and hookah ‚Äî with highly inflated prices. When he realized the drinks were diluted and confronted the staff, several men surrounded him and forced him to pay ‚Çπ6,305. He managed to record part of the incident and suspects that the bar owner and staff were directly involved in the scam. The user posted this publicly to warn others and plans to file a complaint.",Restaurant/Bar scam,Mumbai,"6,305",Bumble,,Yes,20s-30s,Male,Reddit
https://www.reddit.com/r/pune/comments/1kk16nx/dating_scam_zinda_hai/,"The user shares a near-miss experience of a dating scam organized through Hinge. After chatting with a girl for two days, she insisted on meeting quickly and suggested Valour Bar in WTC Kharadi, Pune. On meeting, the girl looked different from her profile pictures and resisted going to any other venue. Recognizing multiple red flags and suspecting a scam, the user directly confronted her, upon which she immediately left without protest. The user avoided entering the bar or spending money but warns others about similar scams targeting dating apps like Hinge.",Restaurant/Bar scam,Pune,0,Hinge,,No,20s-30s,Male,Reddit
https://www.reddit.com/r/pune/comments/1m0at2g/got_scammed_by_a_girl_from_a_dating_app_at_metro/,"The user recounts being scammed after meeting a woman named Shrutika Sharma through a dating app. She claimed to be from Chandigarh and in Pune temporarily. After a series of location changes, she led him to Metro Lounge Bar in Koregaon Park. Inside, she ordered multiple drinks and cigarettes, interacted suspiciously with the waiters, and frequently left to use her phone. When the bill came, it totaled ‚Çπ20,000, and the staff pressured him to pay ‚Çπ14,000 after intimidation. Realizing it was a setup, he later discovered similar scams reported at the same bar. The user suspects coordinated involvement between the girl and bar employees and urges others to stay cautious.",Restaurant/Bar scam,Pune,"14,000",Bumble,,Yes,Early 20s,Male,Reddit
https://www.reddit.com/r/pune/comments/1iovhle/i_got_scammed_on_a_valentines_week_date_heres/,"The user describes being scammed during what seemed like a casual date arranged around Valentine‚Äôs week. After meeting a girl who insisted on choosing the place, he was taken to ‚ÄúMetro Lounge and Bar‚Äù in Koregaon Park, where she ordered expensive items like Blue Label whiskey and vapes. When the bill arrived, it totaled ‚Çπ18,800, and he was coerced into paying half. The user suspects collusion between the girl and the bar staff. Despite reporting the incident to the police, the lack of a receipt prevented any action. He reflects on being misled by loneliness and urges others to be cautious about such scams.",Restaurant/Bar scam,Pune,"9,500",WhatsApp,,Yes,20s-30s,Male,Reddit
https://www.reddit.com/r/LegalAdviceIndia/comments/1lwxo2l/got_scammed_by_the_famous_dating_scam/,"A man, recently relocated to Kolkata after work-from-home ended, matched with a woman on a dating app. After two days of chatting, she initiated an in-person meeting near Karim‚Äôs, a popular restaurant. She led him to a caf√© nearby and took a private cabin, ordering hookah and food (chow mein, paneer chilli). When he refused her repeated pushes to order drinks or additional hookah, she claimed a family call and left ‚Äî never to return. The staff then presented a bill of ‚Çπ10,000, including inflated hookah prices (‚Çπ4,500 for one flavor listed as ‚Çπ1,499) and ‚Çπ2,000 ‚Äúcabin charges‚Äù not disclosed earlier. When he threatened to call police, the bill was immediately reduced to ‚Çπ4,500, confirming a collusive scam between caf√© staff and the ‚Äúdate.‚Äù",Restaurant/Bar Scam,Kolkata,"4,500",Dating app (unspecified),,Yes,20s-30s,Male,Reddit
https://www.reddit.com/r/kolkata/comments/1hjev7y/ok_guys_i_got_scammed/,"A Kolkata-based man matched with a girl on a dating app. After chatting briefly, she invited him to meet at a mall, later suggesting they visit Atmosphere Caf√©, Newtown Heights, Shapoorji. Upon entry, he discovered there was an undisclosed entry fee (not a cover charge). The woman ordered a 60ml Red Label with Red Bull and chicken fingers, while the man ordered nothing but cigarettes‚Äîwhich were shockingly priced at ‚Çπ600 per pack. The bill soon arrived: ‚Çπ2,500, including ‚Çπ1,398 for her drink, ‚Çπ500 for food, and ‚Çπ400 for the mixer. Realizing it was a setup, he refused to stay longer. The woman casually suggested meeting ‚Äútomorrow,‚Äù confirming it was a preplanned scam.",Restaurant/Bar Scam,Kolkata,"2,500",Dating app (unspecified),,Yes,20s-30s,Male,Reddit
https://www.reddit.com/r/kolkata/s/wPXlTDqxLS,"A man matched with a woman named ‚ÄúArushi‚Äù (fake name) on Hinge. After a few brief chats, she insisted on meeting quickly. Since he was out of town, they planned a meeting for the following week at Maddox Square, Kolkata, a public place that initially appeared safe. Upon arrival, she showed up with two other people (one friend accompanied them to the caf√©). The caf√© was nearly empty, with four men sitting and smoking hookah ‚Äî creating a suspicious environment. Once seated, he checked Google reviews of the caf√© and found multiple scam warnings. Realizing the setup, he firmly refused to stay and left before any orders were made. Later, he found her real name (Payel Barman) linked to similar scams.",Restaurant/Bar Scam,Kolkata,0,Hinge,,No,20s-30s,Male,Reddit
https://www.reddit.com/r/Scams/comments/1jcp4po/india_romantic_scammer_threat/,"The victim met a person on the social app Meeff and, after casual chatting, added him on WhatsApp. The scammer sent photos and requested selfies in return, which the victim sent ‚Äî only basic, non-revealing ones. Later, upon reverse image searching one of the scammer‚Äôs pictures, the victim discovered it belonged to a known scammer. When confronted and blocked, the scammer began sending threatening messages from new numbers, demanding ‚Çπ10,000, later reducing to ‚Çπ7,000 and ‚Çπ5,000, claiming he would edit and upload fake explicit images on adult sites. The victim refused to pay and blocked him on all accounts. Three days later, the scammer stopped contacting her. She remains anxious but unharmed.",Sextortion,not specified,0,Meeff,Whatsapp,No,Early 20s,Female,Reddit
https://www.reddit.com/r/LegalAdviceIndia/comments/1lq8ein/romance_scam_nagaland/,"A foreigner entered into an online relationship with a woman from Nagaland, who claimed to be single. Over a year-long period, he provided her with money and gifts, believing the relationship was genuine. Later, through her friends, he discovered she had been in a relationship with another man the entire time and had used the gifts to impress her boyfriend. When confronted, she denied the allegations and fabricated multiple false narratives ‚Äî including posing as her boyfriend, claiming he was from the ‚Äúunderground,‚Äù and even sending a fake suicide message to manipulate the victim emotionally. Her alleged ‚Äúsister‚Äù and ‚Äúcousin‚Äù joined in the deception, further gaslighting him. Additionally, the cousin avoided repaying a loan, and the scammer continued to impersonate authority figures online. The victim attempted to report this to her college, which took no effective action. The experience caused significant emotional distress and psychological fatigue.",Romance Pretext,Nagaland,not specified,Dating app (unspecified),,Yes,not specified,Male,Reddit
https://www.reddit.com/r/india/comments/1ez7sl3/dating_app_scam_exposes_young_women_trapping_men/,"In an undercover sting, Mid-Day journalists exposed a large-scale organized dating scam network operating in Mumbai. Women using fake profiles with names like Maya, Kajal, and Muskan lured men from dating apps such as Tinder, Hinge, and others to bars like The Red Room (Andheri), Godfather Lounge, and Mata Hari (Bandra). Once there, they ordered expensive items‚Äîalcohol, hookah, and entertainment services‚Äîrunning up bills between ‚Çπ25,000 and ‚Çπ60,000 in under an hour. When the victim hesitated or refused to pay, club staff and bouncers would threaten or assault them, sometimes even falsely accusing victims of harassment to ensure compliance. The women then disappeared, returning later to lure new targets. The investigation recorded video evidence of the scam, revealing deep collusion between the scammers and bar management.",Restaurant/Bar Scam,Mumbai,"25,000",Dating app (unspecified),,Yes,20s-30s,Male,Reddit
https://www.reddit.com/r/LegalAdviceIndia/comments/1omgx7f/sexting_scam_through_telegram_dating_bot/,A user on Reddit reported being sextorted through a Telegram dating bot named *‚ÄúDating üíú ‚Äì Anonymous Chat,Sextortion,not specified,880,Telegram,,Yes,20s-30s,Male,Reddit
https://www.reddit.com/r/LegalAdviceIndia/comments/1na7c78/guy_whom_i_made_on_dating_app_threatening_for/,"A woman met a man through a dating app a few months ago. Over time, they developed what appeared to be a romantic relationship, meeting frequently. The victim grew emotionally attached and began buying him gifts worth over ‚Çπ20,000, along with paying ‚Çπ5,000+ towards their shared expenses. As the relationship progressed, the man began demanding money to buy an iPhone, threatening to expose their private chats to her family (mother and brother) if she refused. Out of fear and emotional pressure, she transferred ‚Çπ15,600 to him. After receiving the money, he stopped responding and further threatened her, claiming to have a police relative who would ‚Äúhandle the matter.‚Äù The victim was left emotionally shattered and financially exploited.",Romance Pretext,not specified,"40,000",Dating app (unspecified),,Yes,20s-30s,Female,Reddit
https://www.reddit.com/r/LegalAdviceIndia/comments/1nnpj5a/installed_dating_app_now_i_am_honey_trapped_need/,"The victim installed OkCupid and matched with a woman who behaved like a normal user, replying every 1‚Äì2 days to seem genuine. After gaining his trust, she moved the chat to Instagram and Facebook, where she accessed his photos and friend list. One night, she initiated a video call during which a nude woman appeared on screen. Unbeknownst to him, scammers recorded his video feed and edited it with explicit pornographic material. They then blackmailed him, threatening to share it with his social-media friends unless he paid. Using the phone number and linked accounts, they extracted money from multiple bank and credit-card sources ‚Äî totaling ‚Çπ5.35 lakh. Despite complaints to Meta (Facebook) and Indian Cyber Police, no effective recovery occurred. The scam left him financially and emotionally shattered.",Sextortion,not specified,"535,000",OkCupid,"Instagram,Facebook",Yes,20s-30s,Male,Reddit
https://www.reddit.com/r/LegalAdviceIndia/comments/1l52d9e/help_got_scammed_online_on_a_dating_site/,"A 22-year-old male student matched with a woman on a dating site in March. They bonded quickly; she presented herself as a 26-year-old woman. Initially, she requested a meal to be ordered for her, promising repayment. After a week, he agreed and she paid back once, building trust. Soon, she repeatedly requested money, which over three months (March‚ÄìJune) totaled ‚Çπ11,000. During this time she also sent explicit pictures, creating emotional and sexual dependency. Later, she began making excuses ‚Äî citing her mother‚Äôs death and ‚Äúmental issues.‚Äù Realizing the scam, the victim contacted her from another Telegram ID pretending to be a ‚Äúfriend of a blackmailed victim.‚Äù She immediately recognized him, exposing her guilt, and then threatened to file a harassment complaint to scare him into silence. The victim fears legal trouble but has not committed any crime; the threat is a manipulation tactic to regain control.",Emotional Grooming,not specified,"11,000",Dating app (unspecified),Telegram,Yes,Early 20s,Male,Reddit
https://www.reddit.com/r/LegalAdviceIndia/comments/1ktsq4n/i_got_scammed_can_i_do_anything/,"A first-time dating app user matched with a girl who appeared friendly and professional. After some chatting, she invited him to meet in Zirakpur. She took him to a restaurant and ordered large amounts of food and expensive drinks. She assured him that they would split the bill, claiming to have a stable job as an event planner. When the bill arrived ‚Äî totaling ‚Çπ10,300 ‚Äî she acted calm, then excused herself to the washroom and never returned, leaving the victim with the full amount. The victim had to borrow money from a friend to pay. While leaving, he noticed another man in a similar situation with a ‚Çπ12,000 bill, suggesting a systematic scam involving the restaurant and multiple fake profiles.",Restaurant/Bar Scam,Zirakpur,"10,300",Dating app (unspecified),,Yes,Early 20s,Male,Reddit
https://www.reddit.com/r/LegalAdviceIndia/comments/1ex65ut/sexting_scam/,"A man matched with a woman on Hinge who promptly shared her number and asked to continue on WhatsApp. Shortly after, she initiated a video call and began undressing. The victim, confused and caught off guard, reciprocated ‚Äî unaware he was being recorded. Moments later, the scammer threatened to share the explicit video with his Facebook and Instagram contacts, having obtained them through his linked social media profiles. She demanded ‚Çπ5,000 to prevent exposure. The victim reported the case to the Cyber Crime Cell, then pretended to negotiate for two days. When they called again, a man took over, demanding money in Hindi, claiming they would upload the video to YouTube. The victim refused, and after that, no further messages came. He finally blocked the scammer.",Sextortion,not specified,0,Hinge,Whatsapp,No,not specified,Male,Reddit
https://www.reddit.com/r/LegalAdviceIndia/comments/1nj6w39/the_lady32f_i_met_on_dating_app_filed_fake_sexual/,"A 35-year-old man entered a consensual relationship with a 32-year-old woman he met on a dating app. After two months of being friends-with-benefits (FWB), she began threatening to file a false sexual harassment case if he didn‚Äôt pay her. Under pressure, he paid ‚Çπ5 lakh to the woman and ‚Çπ3 lakh to certain police officials to suppress the FIR. The case was briefly closed. However, the woman later filed a direct complaint in court, leading to a formal case registration. The victim now fears not only the sexual harassment allegation but also potential bribery/corruption charges due to prior payments. He possesses proof of consensual interaction ‚Äî chat logs, dating app messages, voice recordings, call history, and bills for mutual gifts. His main anxiety is that a relative, who is a lawyer in the Delhi High Court, may discover the case.",False Legal Threat Extortion,Delhi,"800,000",Dating app (unspecified),Whatsapp,Yes,30s-40s,Male,Reddit
https://www.reddit.com/r/LegalAdviceIndia/comments/17zgg8z/getting_blackmailed_online_for_my_sexuality_by_a/,"A 24-year-old male, newly living alone in a large city, joined an LGBTQ+ dating app to explore his identity discreetly. He matched with a person who quickly sent a WhatsApp number. The victim messaged, revealing only his initials and a random AI-generated display photo. However, the scammer immediately greeted him using his real name, indicating he had already found his personal identity using the phone number. The scammer then demanded ‚Çπ50,000, threatening to out the victim as gay to his family and friends if he refused. The victim blocked him, but received over 50 calls overnight from multiple numbers. Truecaller identified the number as belonging to a ‚Äúgym instructor from Delhi,‚Äù though it could be an impersonation. Terrified of exposure due to his family‚Äôs conservative views, the victim hesitated to file a complaint. He also began receiving fake offers of ‚Äúlegal help‚Äù from opportunists exploiting his distress, demanding trust without verification.",Identity-Exposure Blackmail (Sexual Orientation Exploitation),Delhi,"50,000",Dating app (unspecified),Whatsapp,Yes,20s-30s,Male,Reddit
https://www.reddit.com/r/LegalAdviceIndia/comments/1fi2d1g/i_have_been_sextorted_by_rupees_of_1_lakh/,"A bisexual male joined Grindr to explore dating. He matched with a person who came to his home, and they engaged in consensual sex. Afterward, the visitor demanded ‚Çπ1,00,000, claiming to have recorded videos of the act and threatening to leak them publicly if not paid. Out of fear, the victim complied and paid the full amount. Later, the extortionists returned, claiming the money was taken by another member and demanding more. They identified themselves as belonging to the Hijra community, framing the act as a ‚Äúmeans to do good work for their people.‚Äù The victim, terrified of exposure and social consequences due to his bisexuality, hesitated to report the crime to police, fearing stigma from family and friends. The repeated visits and demands have caused severe emotional trauma and fear for safety.",Physical Sextortion,not specified,"100,000",Grindr,,Yes,not specified,Male,Reddit
https://www.reddit.com/r/LegalAdviceIndia/comments/1jd5l34/i_am_sextorted_please_help/,"On March 14, a male victim met a woman from the Philippines on Tinder. She appeared legitimate and quickly moved the conversation to Instagram and then to a private number. After casual conversation, she expressed boredom and suggested ‚Äúfun.‚Äù She initiated a video call, where she began to undress and provoked the victim to do the same. During the call, his face and genitals were visible, allowing the scammer to record compromising footage. Moments later, she sent a composite video (edited with his face and body) and a list of his Instagram followers, including family and friends, threatening to leak the video unless he paid ¬£80,000. When he refused, she reduced it to $100, and he paid $25 as partial settlement. The scammer continued demanding the balance, threatening ongoing exposure. Eventually, he blocked her despite warnings.",Sextortion,not specified,"2,200",Tinder,Instagram,Yes,not specified,Male,Reddit
https://www.reddit.com/r/LegalAdviceIndia/comments/1grd5eb/i_was_about_to_get_sextorted/,"A man met a woman on Hinge, and after a short conversation, she asked for his phone number. Within minutes of switching to WhatsApp, she initiated a video call, appearing naked. His face was visible in the frame, and believing it to be a genuine intimate moment, he participated briefly before ending the call. Shortly afterward, the scammer sent screenshots and recordings, demanding access to his contacts and threatening to leak the video to his friends and family. The victim blocked her number, deactivated social media accounts, and filed a complaint on India‚Äôs cybercrime portal. Although the explicit part didn‚Äôt show his face simultaneously, he remains anxious about possible video editing or fabrication.",Sextortion,not specified,0,Hinge,Whatsapp,No,not specified,Male,Reddit
https://www.reddit.com/r/LegalAdviceIndia/comments/1n0ekbx/girl_recorded_whatsapp_call_now_blackmailing_me/,"A man met a woman online who quickly shared her phone number and initiated a video call on WhatsApp. During the call, she asked for a nude video without showing his face, but secretly recorded it. Soon after, she began threatening to post the video on social media if he didn‚Äôt pay. Later, he received a call from a person claiming to be a ‚ÄúCybercrime Department Officer from Delhi‚Äù, who falsely alleged that a complaint had been filed by the woman and demanded ‚Çπ9,500 to ‚Äúclose the case‚Äù or face arrest for sexual harassment. Subsequently, the woman herself demanded ‚Çπ500 to ‚Äúdelete the video.‚Äù The victim realized the supposed ‚Äúlive call‚Äù appeared to be a pre-recorded video of a girl, confirming the entire sequence as an orchestrated sextortion scam.",False Legal Threat Extortion,Delhi,"10,000",Dating app (unspecified),Whatsapp,Potential,not specified,Male,Reddit
https://www.reddit.com/r/LegalAdviceIndia/comments/15crmp7/being_sextorted_by_a_foreign_female_on_snapchat/,"An 18-year-old Indian male met a foreign woman on a dating site. After exchanging Instagram accounts, they chatted for about an hour and then moved to Snapchat. The woman began sending explicit pictures, prompting the victim to reciprocate ‚Äî including one photo with his face visible. The scammer saved the snap and soon after demanded payment in cryptocurrency, threatening to leak his nude photo to his friends. The victim immediately deleted the image, blocked her, and deleted both Snapchat and Instagram accounts. More than 24 hours passed without further contact, but he remains deeply anxious about possible leaks or reputational fallout",Sextortion,not specified,0,Dating app (unspecified),Snapchat,No,Minor,Male,Reddit
https://www.reddit.com/r/LegalAdviceIndia/comments/v4qmnk/i_fell_prey_to_a_sextortion_scam_guys_i_need_help/,"A high school male visited a website named Skokka, advertising camgirl services. He contacted a girl through WhatsApp, who offered services for ‚Çπ500. The victim noticed that the UPI ID belonged to a man, which raised suspicion, but when questioned, she claimed it was her boyfriend‚Äôs account and provided another (female) number. After sending ‚Çπ500, the scammer demanded ‚Çπ1,000 more and made a brief video call, where the victim‚Äôs face appeared for less than a second. She then threatened to leak his personal details and involve a ‚Äúcompany‚Äù that would extort lakhs. Under panic, the victim sent another ‚Çπ1,000. When she demanded another ‚Çπ3,000, he took screenshots, deleted his messages, and blocked her. She later messaged from another number with voice threats, addressing him by his real name (acquired from UPI transaction). The victim blocked this number too and took several security steps ‚Äî unlisting from Truecaller, scanning for malware, and considering changing his SIM. He did not wish to report the incident but sought reassurance about safety.",Sextortion,not specified,"1,500",Skokka,Whatsapp,Yes,Minor,Male,Reddit
https://www.reddit.com/r/LegalAdviceIndia/comments/1k6igwd/blackmailed_for_my_video/,"A man living in Bangalore matched with a woman on Tinder. After several conversations and a video call that became intimate, she and her accomplices recorded an explicit video showing his face and nudity. They also obtained his Instagram details, giving them access to his friends and family list. Soon after, the scammers began blackmailing him, threatening to share the video with his contacts. Terrified, he made multiple payments totaling ‚Çπ2.6 lakh over a period of time. Despite his compliance, the extortion continued. Realizing the situation, he sought advice on whether any recovery was possible. The scammers‚Äô pattern ‚Äî emotional bonding, exposure capture, and serial monetary threats ‚Äî matches known organized sextortion rackets operating from Southeast Asia and North India.",Sextortion,Bangalore,"260,000",Tinder,Instagram,Yes,20s-30s,Male,Reddit
https://www.reddit.com/r/LegalAdviceIndia/comments/1covd7i/i_was_sextorted/,"A 23-year-old male student, emotionally vulnerable after a breakup, installed Hinge and matched with a woman who appeared genuine. They moved to WhatsApp and Instagram, exchanging selfies and chatting comfortably. During three progressive video calls, the scammer gained his trust ‚Äî initially showing only her face, then her body, and finally coaxing him into exposing himself on camera. Later, a male accomplice contacted the victim with a composite video, merging all three calls to make it appear like a two-way explicit exchange. He threatened to share it with the victim‚Äôs Instagram contacts and even sent it to a few, proving capability. Overcome by fear, the victim paid ‚Çπ60,000 in instalments, borrowing from friends. The extorter eventually claimed to delete the video, though the victim fears future blackmail. He has filed a cybercrime complaint and collected the scammer‚Äôs IMEI number and address, but is hesitant to pursue follow-up due to fear of parental involvement.",Sextortion,not specified,"60,000",Hinge,Instagram,Yes,Early 20s,Male,Reddit
https://www.reddit.com/r/Sextortion/comments/1fm38s3/i_still_havent_recovered_from_the_sextortion_india/,"A male victim from India fell prey to a sextortion racket over a two-month period, losing approximately ‚Çπ2.5 lakh through multiple payments. The scammer ‚Äî likely part of a call-centre-based operation ‚Äî used 20+ phone numbers to continue the threats, exploiting the victim‚Äôs fear of social exposure. Despite blocking all numbers and cutting contact, the scammer still has access to the victim‚Äôs family and relatives‚Äô contact details, amplifying ongoing fear. The victim has filed anonymous complaints on the cybercrime portal, but is too afraid to go to local police due to the possibility of his parents finding out. Even after stopping communication, he experiences constant anxiety, fear of exposure, and learned helplessness, characteristic of post-extortion trauma syndrome.",Sextortion,not specified,"250,000",Dating app (unspecified),Whatsapp,Yes,Early 20s,Male,Reddit
https://www.reddit.com/r/LegalAdviceIndia/comments/1lt9nvx/deep_shit/,"A 22-year-old male from India engaged in a private chat with a user from an adult-oriented website who invited him to Telegram for ‚Äúfun.‚Äù After mutual consent, both exchanged selfies, and the scammer sent a fabricated explicit image (bikini nude) to elicit reciprocation. Once the victim sent a partially nude image without showing his face, the scammer created a fake social media post labeling him a ‚Äúpedophile,‚Äù and demanded ‚Çπ20,000 to delete it. He refused payment and ceased contact. The scammer is now weaponizing moral panic and reputation fear to coerce money. The victim fears potential criminal implications despite no illegal act being committed, demonstrating the strong psychological hold of false-guilt-based sextortion.",Sextortion,not specified,"20,000",Dating app (unspecified),Whatsapp,Potential,Early 20s,Male,Reddit
https://www.reddit.com/r/LegalAdviceIndia/comments/wqf8i1/honeytrap_urgent_hel/,"A male victim (India) was contacted by a newly created female profile on Facebook that initiated rapid intimacy within 12 hours ‚Äî moving to WhatsApp and insisting on a video call. During the call, the scammer abruptly disrobed and performed sexual acts while recording the victim‚Äôs reaction, capturing his face and upper body. Minutes later, the scammer sent stitched videos of the call and threatened exposure to his contacts unless a ransom was paid through a UPI ID. Victim has obtained the scammer‚Äôs mobile number and payment credentials but fears social and reputational ruin.",Sextortion,not specified,not specified,Facebook,Whatsapp,Potential,20s-30s,Male,Reddit
https://www.reddit.com/r/LegalAdviceIndia/comments/1kntbiv/i_24f_got_scammed_by_someone_i_met_on_bumble_he/,"A 24-year-old woman (Chennai), socially introverted and inexperienced in relationships, joined Bumble seeking genuine connection. She matched with a 32-year-old man who posed as a wealthy, grieving construction businessman. Using emotional manipulation (dead father, depressed mother, financial hardships), he gradually built trust and dependence. He convinced her to take a Goa trip, made her pay for expenses, and later coerced her into using her credit cards and bank account for ‚Äútemporary transactions.‚Äù Large sums flowed through her account, triggering bank alerts. He then fabricated a ‚Äúlicense transfer crisis,‚Äù manipulating her into taking multiple loans (totaling ~‚Çπ10 lakh) through various apps and credit cards. After initial repayments, he ghosted her, leaving her in severe financial distress, social shame, and psychological collapse. The victim retains transaction proofs and Aadhar copy of the perpetrator.",Investment,Chennai,"1,000,000",Bumble,Whatsapp,Yes,20s-30s,Female,Reddit
https://www.reddit.com/r/LegalAdviceIndia/comments/1l2edpn/got_caught_having_conseual_sex_in_a_room_faced/,"A 20+-year-old male met another male for a consensual hookup arranged through a dating app. During the act, the room owner intruded, recorded the encounter without consent, and demanded money as a ‚Äúfine.‚Äù The victim paid under threat of police exposure and social shame. Although the perpetrator appeared to delete the video, he retained it in a recycle bin and promised to ‚Äúreturn half the money‚Äù later ‚Äî an emotional bait to maintain control. The victim fears both video leakage and false legal accusation, causing persistent anxiety and self-blame. The act was between consenting adults, yet the coercion has triggered trauma and guilt conditioning.",Physical Sextortion,not specified,not specified,Dating app (unspecified),,Yes,Early 20s,Male,Reddit
https://www.reddit.com/r/LegalAdviceIndia/comments/1js42r8/online_scam_help_for_a_minor/,"A 17-year-old male, two months short of 18, was lured into a ‚Äúcall-girl‚Äù advance-payment scam. The fraudster demanded online payment (‚Çπ18,000 via PhonePe) for escort booking. After payment, the scammer vanished. The victim immediately reported to PhonePe support and the cyber cell; the transaction is temporarily frozen. He is experiencing shame, secrecy, and fear of parental discovery but hopes for fund reversal.",Sextortion,not specified,"18,000",Dating app (unspecified),,Yes,Minor,Male,Reddit
https://www.reddit.com/r/LegalAdviceIndia/comments/1h2gqyh/blackmailing_me/,"A young adult male met a woman on a dating app. After a week of chatting, she initiated a WhatsApp video call, engaged in sexual exposure, and encouraged him to reciprocate. The moment he complied, the call ended. Minutes later, he received messages on Facebook showing screenshots of the act along with his family network (matching surnames) and threats to send the video to them unless he paid ‚Çπ1,000. When he deleted his Facebook, a male voice called, escalating the threat via phone and demanding payment. Victim is terrified of family discovery, anticipating severe social and emotional consequences.",Sextortion,not specified,"1,000",Dating app (unspecified),Facebook,Potential,Early 20s,Male,Reddit
https://www.ndtv.com/india-news/63-year-old-bengaluru-man-loses-rs-32-lakh-in-whatsapp-dating-scam-9585289,"A 63-year-old man from Horamavu, Bengaluru, was duped of ‚Çπ32.2 lakh in a WhatsApp-based ‚Äúexclusive dating‚Äù scam. The fraudsters posed as representatives of a premium matchmaking agency connecting men with ‚Äúhigh-society women.‚Äù After a small registration fee of ‚Çπ1,950, the victim was shown photos of three women and began chatting with one (‚ÄúRitika‚Äù), who promised to meet him. Later, another woman (‚ÄúPriti‚Äù) took over, arranging a fake meeting and requesting multiple transfers to different bank accounts. Over 6 weeks (Sept 5‚ÄìOct 18), the victim transferred ‚Çπ32 lakh. When he hesitated to pay further, the scammers threatened him, leading him to realize he‚Äôd been defrauded. Police filed a case under IT Act and Section 318 (Cheating) of the Bharatiya Nyaya Sanhita.",Romance Pretext,Bangalore,"3,220,000",WhatsApp,,Yes,50+,Male,NDTV
https://www.ndtv.com/india-news/trying-to-find-love-noida-man-loses-rs-6-3-crore-in-trading-fraud-8038006,"Daljit Singh (Noida), a middle-aged divorcee and Director at a Delhi-based firm, lost ‚Çπ6.3 crore after meeting a woman named Anita on a dating app. Over several weeks, she earned his trust through emotional bonding and shared supposed insider tips on stock investments via three fake trading websites. After an initial profit demonstration (‚Çπ24,000 credited, ‚Çπ8,000 withdrawable), he was convinced. Encouraged by ‚ÄúAnita,‚Äù he invested ‚Çπ4.5 crore of savings and ‚Çπ2 crore in loans across 25 bank accounts. When he later tried to withdraw, he was told to pay 30% tax. After refusing, contact ceased, and websites vanished. Police investigation revealed Anita‚Äôs entire identity was fake.",Investment,Delhi,"63,000,000",Dating app (unspecified),Whatsapp,Yes,50+,Male,NDTV
https://www.ndtv.com/offbeat/mumbai-man-falls-for-dating-app-scam-charged-rs-24-000-for-drinks-9442380,"A Mumbai man met a woman on the Aisle dating app and agreed to meet spontaneously. She led him to a bar in Thane, claiming it was nearby. Inside, she kept ordering Blue Label whiskey (4 rounds), while the victim assumed it was a normal date. The final bill totaled ‚Çπ24,000, including ‚Çπ2,000 ‚Äúservice charge.‚Äù Under intimidation by multiple aggressive waiters, he paid ‚Çπ10,000 and left. The woman disappeared after the incident.",Restaurant/Bar Scam,Mumbai,"17,000",Aisle,,Yes,20s-30s,Male,NDTV
https://www.ndtv.com/india-news/how-indian-woman-lost-her-savings-to-crypto-scammer-she-met-on-dating-app-5127960,"Shreya Datta (37, Philadelphia), an Indian-origin tech professional, lost $450,000 (‚Çπ3.75 crore) in a crypto romance scam after meeting ‚ÄúAncel,‚Äù a fake ‚ÄúFrench wine trader,‚Äù on Hinge. Over several months, he emotionally bonded with her through daily texts, flirty emojis, flowers, and video deepfakes. Once trust was solidified, he introduced her to a fake cryptocurrency investment app. After small withdrawals boosted her confidence, she invested all her savings and loans. When she tried to withdraw, the app demanded a ‚Äútax,‚Äù and she realized it was a scam ‚Äî the images were of a German influencer. The scam used AI deepfakes, psychological conditioning, and financial mirroring to manipulate her cognition and emotions.",Investment,not specified,"450,000",Hinge,Whatsapp,Yes,30s-40s,Female,NDTV
https://www.ndtv.com/cities/maharashtra-extortion-news-latest-woman-duped-of-rs-1-11-lakh-over-sextortion-threat-in-maharashtras-thane-8914734,"A 23-year-old woman from Thane, Maharashtra, was extorted of ‚Çπ1.11 lakh after being blackmailed with her non-consensually recorded explicit video. The scam began when she clicked an Instagram reel ad titled ‚ÄúUK Marriage Bureau‚Äù, which redirected her to a WhatsApp contact named ‚ÄúRahul UK (UK Boy)‚Äù. The man built trust through friendly chats, requested a video call, and convinced her to strip, secretly recording it. Later, he pretended to be ‚Äústuck at the Mumbai airport‚Äù and demanded money to get released. When she refused, he sent the video and threatened to leak it unless she transferred money. She made over 30 transfers through digital payments, totaling ‚Çπ1.11 lakh. After losing contact with the scammer, she informed her family and filed an FIR.",Sextortion,Thane,"111,000",Instagram,Whatsapp,Yes,Early 20s,Female,NDTV
https://timesofindia.indiatimes.com/city/pune/woman-loses-rs-3-lakh-as-friends-dupe-her-twice-within-a-week/articleshow/125068447.cms,"A 42-year-old woman from Raviwar Peth, Pune, working at a private firm, was duped of ‚Çπ2.8 lakh through a romance fraud on a dating app. Within a week, she was simultaneously deceived by two men ‚Äî one claiming to be an NRI from the Netherlands, and another posing as a merchant navy captain from London. The first scammer told her he was detained at the airport for carrying ‚Ç¨1,200 and needed ‚Çπ85,800 to ‚Äúpay customs officials.‚Äù Trusting his affection and urgency, she transferred the money between August 12 and 14. Later, she was similarly defrauded by the second ‚Äúfriend,‚Äù bringing her total loss to ‚Çπ2.8 lakh. She realized the deception only after both vanished and filed a complaint with Faraskhana Police Station.",Romance Pretext,Pune,"280,000",Dating app (unspecified),Whatsapp,Yes,40s-50s,Female,Times of India
https://timesofindia.indiatimes.com/city/hyderabad/techie-duped-of-rs-2-6-lakh-in-online-sextortion-racket/articleshow/124433821.cms,"A 23-year-old software engineer from Nanakramguda, Hyderabad received a late-night WhatsApp video call from an unknown number in which a woman identifying as ‚ÄúNistha Jain‚Äù appeared and briefly undressed. Minutes later a man from the same number sent a morphed video showing the victim‚Äôs face on the woman‚Äôs body and threatened to distribute it to his contacts on Facebook. Fearful of social disgrace, over two days he transferred ‚Çπ2.6 lakh in multiple payments before filing a complaint with the cyber-crime police.",Sextortion,Hyderabad,"260,000",Whatsapp,,Yes,20s-30s,Male,Times of India
https://timesofindia.indiatimes.com/city/gurgaon/gurgaon-dating-app-fraud-man-duped-of-rs-73-lakhs-in-investment-scam-after-befriended-on-bumble/articleshow/124412123.cms,"A 50-year-old man from Jalvayu Vihar, Gurgaon, working in a multinational company, matched with a woman on Bumble. Over video calls, she claimed to have made crores from stock market trading. She persuaded him to download a trading app and join a Telegram group where fake ‚Äúexperts‚Äù showed fabricated profits. Over a month, he transferred ‚Çπ73.42 lakh into several bank accounts. The app displayed a false balance of ‚Çπ2+ crore. When he attempted withdrawal, scammers demanded an additional 25% ‚Äútax‚Äù, after which he realized it was a scam and filed a cybercrime complaint.",Investment,Gurgaon,"7,342,000",Bumble,Telegram,Yes,50+,Male,Times of India
https://timesofindia.indiatimes.com/city/mumbai/man-swindled-in-dating-scam-by-woman-he-met-on-app-and-hotel-staff-in-mumbai/articleshow/122244161.cms,"A 26-year-old manager from Santacruz matched with a woman (‚ÄúDisha‚Äù, 22) on a dating app. They met at a Borivali restaurant where she insisted on meeting. Over two hours, she ordered liquor, hookah, and energy drinks. The final bill was ‚Çπ35,000, which the victim protested. A male staffer arrived, pressuring him to pay. The bill was reduced to ‚Çπ30,000 and the woman pretended to pay her half. The victim paid ‚Çπ15,000 through a QR code. Later, he discovered the payment went to a personal UPI ID, not the restaurant‚Äôs. Realizing that the woman and staff were colluding, he filed an FIR with MHB Colony Police.",Restaurant/Bar Scam,Mumbai,"15,000",Dating app (unspecified),,Yes,20s-30s,Male,Times of India
https://timesofindia.indiatimes.com/city/mumbai/mumbai-businessman-duped-of-214-crore-in-crypto-and-forex-investment-scam-via-dating-apps/articleshow/113403875.cms,"A 46-year-old Mumbai businessman was conned out of ‚Çπ2.14 crore after interacting with two different ‚Äúwomen‚Äù on separate dating apps. The first, ‚ÄúCarmen Anita,‚Äù pushed him toward crypto trading, while the second, ‚ÄúSharika Singh,‚Äù lured him into forex trading. Both sent him fake trading website links through WhatsApp. The scammers displayed manipulated ‚Äúprofits‚Äù on his dashboard to build trust. When he attempted to withdraw funds, he was repeatedly asked to pay ‚Äúcapital gains tax‚Äù (30%), exchange fees (12%), and additional deposits ‚Äî none of which resulted in the release of funds. In total, he transferred ‚Çπ1 crore to crypto-related accounts and ‚Çπ1.14 crore to forex-linked accounts. Realizing he'd been defrauded, he contacted the cyber helpline 1930 and registered a case with Worli Cyber Police.",Investment,Mumbai,"21,400,000",Dating app (unspecified),WhatsApp,Yes,40s-50s,Male,Times of India
https://timesofindia.indiatimes.com/city/delhi/fake-cop-threats-and-video-call-21-year-old-delhi-man-loses-rs-2-lakh-in-sextortion-scam/articleshow/124682214.cms,"A 21-year-old man from Narela was sextorted after calling a number shown in an Instagram reel. A woman on video call undressed and recorded him, then threatened to leak the video. He blocked her, but scammers continued: one pretended to be from a video platform demanding money to ‚Äústop the upload,‚Äù another impersonated a police officer threatening arrest. Out of fear, he paid ‚Çπ2 lakh. When the extortion escalated, he finally blocked all numbers and filed a complaint on the cybercrime portal.",Sextortion,Delhi,"200,000",Instagram,Whatsapp,Yes,Early 20s,Male,Times of India
https://timesofindia.indiatimes.com/city/hyderabad/man-falls-victim-to-sextortion-scam-loses-over-rs-1-5-lakh/articleshow/123591266.cms,"A 40-year-old Hyderabad man accepted a random Facebook friend request from a woman named ‚ÄúSuhani Grover.‚Äù She soon did a nude WhatsApp video call and coerced him to strip while secretly recording. Minutes later, a man called demanding money and threatening to leak the video. The victim paid ‚Çπ1.61 lakh, then ‚Çπ71k, then ‚Çπ90k after escalating threats. Scammers later distributed the video to his family and Facebook friends. Multiple numbers were used to pressure and intimidate him.",Sextortion,Hyderabad,"322,000",Facebook,Whatsapp,Yes,40s-50s,Male,Times of India
https://timesofindia.indiatimes.com/city/hyderabad/hyderabad-sextortion-case-software-engineer-stripped-on-video-call-duped-of-rs-1-7-lakh-investigation-on/articleshow/123515298.cms,"A 25-year-old software engineer from Gachibowli was honey-trapped by a woman posing as Varsa Rawat on a dating platform. Chat shifted to Instagram ‚Üí WhatsApp. During a video call, she suddenly stripped and coerced him to strip while secretly recording. She accessed his Instagram contact list and blackmailed him, threatening to send the footage to friends and relatives. He paid ‚Çπ1.7 lakh across multiple UPI transactions. When demands continued, he approached Cyberabad Cybercrime police.",Sextortion,Hyderabad,"170,000",Dating app (unspecified),"Instagram,WhatsApp",Yes,20s-30s,Male,Times of India
https://www.reddit.com/r/dating_advice/comments/1lm16hp/got_scammed_on_a_date_through_a_dating_app/,"The victim matched with a girl on Bumble whose profile seemed genuine. She chose the meeting spot and directed him to a shady bar. Although he didn‚Äôt drink, she ordered drinks for both of them. When the bill arrived (‚Çπ13,000), she claimed she had no money, made fake calls, and then left under the pretext of meeting someone nearby. The bar staff pressured the victim to pay, eventually reducing the amount by 50%. The girl never returned, revealing the situation to be part of a coordinated bar scam.",Restaurant/Bar Scam,not specified,"6,500",Bumble,,Yes,not specified,Male,Reddit
https://www.reddit.com/r/Bengaluru/comments/1n1qsm9/dating_scam/,"The victim matched with a girl on a dating app who, after days of chatting, pressured him to meet at Nysa Sky Bar in Yelahanka. The place looked legitimate with good Google reviews. Once there, she ordered expensive alcohol (Blue Label) and kept adding more pegs rapidly. The staff inflated the bill to ‚Çπ20,000 by adding extra items. When confronted, the girl tried to flee, and the staff reduced the bill to ‚Çπ15,000 but continued charging absurd rates (‚Çπ1,000 for a cigarette box). After arguing, the victim was forced to pay ‚Çπ14,000. He later realized the scam was likely coordinated between the girl and the pub.",Restaurant/Bar Scam,Bangalore,"14,000",Dating app (unspecified),,Yes,not specified,Male,Reddit